title,event,year,image,focus
সরস্বতী পূজা,সরস্বতী পূজা,২০২৬,/gallery/Saraswati%20Puja%202026/photo_1.webp,center 32%
হাতের আলপনা,সরস্বতী পূজা,২০২৬,/gallery/Saraswati%20Puja%202026/photo_2026-08-11_21-42-50.webp,center 28%
সরস্বতী প্রাঙ্গণ,সরস্বতী পূজা,২০২৬,/gallery/Saraswati%20Puja%202026/photo_2026-08-11_21-42-48.webp,center 42%
ডিরেক্টর এর সঙ্গে,সরস্বতী পূজা,২০২৬,/gallery/Saraswati%20Puja%202026/p10.webp,center 36%
মায়ের আরতি,সরস্বতী পূজা,২০২৬,/gallery/Saraswati%20Puja%202026/photo_2026-08-11_22-55-53.webp,center 30%
ভোগ বিতরণ,সরস্বতী পূজা,২০২৬,/gallery/Saraswati%20Puja%202026/photo_2026-08-11_22-56-00.webp,center 38%
সদস্য ও সদস্যাবৃন্দ,সরস্বতী পূজা,২০২৬,/gallery/Saraswati%20Puja%202026/photo_2026-08-11_21-42-44.webp,center 34%
পুষ্পাঞ্জলি,সরস্বতী পূজা,২০২৬,/gallery/Saraswati%20Puja%202026/p7.webp,center 36%
আলপনা চিত্রণ,সরস্বতী পূজা,২০২৬,/gallery/Saraswati%20Puja%202026/p8.webp,center 36%
সাজসজ্জা প্রস্তুতি,সরস্বতী পূজা,২০২৬,/gallery/Saraswati%20Puja%202026/p9.webp,center 36%
প্রসাদ পরিবেশন,সরস্বতী পূজা,২০২৬,/gallery/Saraswati%20Puja%202026/p11.webp,center 36%
প্রসাদ সেবা,সরস্বতী পূজা,২০২৬,/gallery/Saraswati%20Puja%202026/p12.webp,center 36%
হোম ,সরস্বতী পূজা,২০২৬,/gallery/Saraswati%20Puja%202026/p13.webp,center 36%
মা,সরস্বতী পূজা,২০২৬,/gallery/Saraswati%20Puja%202026/p14.webp,center 36%
রেজিস্ট্রেশন ডেস্কে,মহালয়া,২০২৫,/gallery/Mahalaya%202025/DSC_0084.webp,center 40%
আয়োজনের নেপথ্যে,মহালয়া,২০২৫,/gallery/Mahalaya%202025/DSC_0071-COLLAGE.webp,center 50%
তবলা ও কণ্ঠের যুগলবন্দি,মহালয়া,২০২৫,/gallery/Mahalaya%202025/DSC_0070.webp,center 70%
মহালয়ার সুরে,মহালয়া,২০২৫,/gallery/Mahalaya%202025/DSC_0007-COLLAGE.webp,center 50%
পরিবেশন,মহালয়া,২০২৫,/gallery/Mahalaya%202025/DSC_0091.webp,center 40%
ভোগ বিতরণ,মহালয়া,২০২৫,/gallery/Mahalaya%202025/DSC_0133.webp,center 45%
ভোজনরত অতিথিরা,মহালয়া,২০২৫,/gallery/Mahalaya%202025/DSC_0107.webp,center 48%
একসঙ্গে আহার,মহালয়া,২০২৫,/gallery/Mahalaya%202025/DSC_0139.webp,center 35%
আহার ও আড্ডা,মহালয়া,২০২৫,/gallery/Mahalaya%202025/DSC_0140.webp,center 46%
ভোজের আসরে,মহালয়া,২০২৫,/gallery/Mahalaya%202025/DSC_0141.webp,center 42%
দলবদ্ধ ছবি,মহালয়া,২০২৫,/gallery/Mahalaya%202025/IMG_5072.webp,center 46%
আয়োজক দল,মহালয়া,২০২৫,/gallery/Mahalaya%202025/IMG_5073.webp,center 48%
সবাই একফ্রেমে,মহালয়া,২০২৫,/gallery/Mahalaya%202025/IMG_5074.webp,center 48%
বঙ্গীয় সমিতি পরিবার,মহালয়া,২০২৫,/gallery/Mahalaya%202025/IMG_5075.webp,center 46%
মহালয়ার স্মৃতি,মহালয়া,২০২৫,/gallery/Mahalaya%202025/IMG_5075-COLLAGE.webp,center 45%
আলপনার আঙিনায়,সরস্বতী পূজা,২০২৫,/gallery/Saraswati%20Puja%202025/IMG-20250203-WA0004.webp,center 45%
সাজানো মণ্ডপ,সরস্বতী পূজা,২০২৫,/gallery/Saraswati%20Puja%202025/IMG-20250203-WA0099.webp,center 48%
অঞ্জলির অপেক্ষায়,সরস্বতী পূজা,২০২৫,/gallery/Saraswati%20Puja%202025/IMG-20250203-WA0101.webp,center 62%
দেবীর সম্মুখে,সরস্বতী পূজা,২০২৫,/gallery/Saraswati%20Puja%202025/IMG-20250203-WA0098.webp,center 45%
ভোজ,সরস্বতী পূজা,২০২৫,/gallery/Saraswati%20Puja%202025/IMG-20250203-WA0005.webp,center 46%
ভূরিভোজ,সরস্বতী পূজা,২০২৫,/gallery/Saraswati%20Puja%202025/IMG-20250203-WA0310.webp,center 40%
বাসন্তী সাজে,সরস্বতী পূজা,২০২৫,/gallery/Saraswati%20Puja%202025/IMG-20250203-WA0051.webp,center 34%
ক্যাম্পাসের রোদ্দুরে,সরস্বতী পূজা,২০২৫,/gallery/Saraswati%20Puja%202025/IMG-20250203-WA0322.webp,center 35%
পূজার সকালে,সরস্বতী পূজা,২০২৫,/gallery/Saraswati%20Puja%202025/IMG-20250203-WA0375.webp,center 45%
হাসিমুখের ছবি,সরস্বতী পূজা,২০২৫,/gallery/Saraswati%20Puja%202025/IMG-20250203-WA0372.webp,center 45%
মণ্ডপে ভক্তসমাগম,সরস্বতী পূজা,২০২৪,/gallery/Saraswati%20Puja%202024/IMG-20240214-WA0031.webp,center 45%
পূজার আয়োজন,সরস্বতী পূজা,২০২৪,/gallery/Saraswati%20Puja%202024/IMG-20240214-WA0041.webp,center 50%
সবাই মিলে,সরস্বতী পূজা,২০২৪,/gallery/Saraswati%20Puja%202024/IMG-20240214-WA0045.webp,center 35%
বন্ধুদের আড্ডা,সরস্বতী পূজা,২০২৪,/gallery/Saraswati%20Puja%202024/IMG-20240214-WA0112.webp,center 50%
উৎসবের সাজে,সরস্বতী পূজা,২০২৪,/gallery/Saraswati%20Puja%202024/IMG-20240214-WA0114.webp,center 48%
